title,stack,url
Backend Developer (Python),"Python,Mongo,SQL,Git,AWS,Docker,OOP,Kubernetes,React",https://djinni.co/jobs/610177-backend-developer-python-/
Senior Python Developer,"Python,Django,PostgreSQL,Flask,FastApi,SQL,Git,AWS,Docker,Streamlit",https://djinni.co/jobs/610102-senior-python-developer/
Senior Python Developer,"Python,MySQL,Mongo,Flask,FastApi,SQL,Celery,Docker,SQLAlchemy,Pydantic,Kubernetes",https://djinni.co/jobs/610036-senior-python-developer/
Senior Python Developer,"Python,AWS,React",https://djinni.co/jobs/610007-senior-python-developer/
Senior Python Backend Engineer,"Python,Django,DRF,Mongo,Redis,PostgreSQL,SQL,REST Api,AWS,Docker,OOP,Kubernetes,Linux,NoSQL",https://djinni.co/jobs/610015-senior-python-backend-engineer/
Python Developer,Python,https://djinni.co/jobs/610173-python-developer/
Python Developer (Data engineering),"Python,Redis,PostgreSQL,SQL,AWS,Kafka,NoSQL",https://djinni.co/jobs/587240-python-developer-data-engineering-/
Senior Python Engineer (only Poland),"Python,Django,Mongo,SQL,Celery,AWS,Docker,Kubernetes",https://djinni.co/jobs/610216-senior-python-engineer-only-poland-/
Middle/Senior Python/Django developer,"Python,Django,DRF,MySQL,Redis,SQL,Git,Celery,Docker,OOP",https://djinni.co/jobs/452781-middle-senior-python-django-developer/
FullStack (Python/React.js) Tech Lead,"Python,Django,DRF,Git,Celery,Docker,React",https://djinni.co/jobs/610199-fullstack-python-react-js-tech-lead/
Python Developer,"Python,Django,JavaScript,HTML,CSS",https://djinni.co/jobs/596749-python-developer/
Middle Python Engineer,"Python,Git,REST Api,Kubernetes",https://djinni.co/jobs/304711-middle-python-engineer/
Senior Full Stack Engineer (React/Vue+Python),"Python,Django,Flask,SQL,Git,Celery,Docker,React,Vue,NoSQL",https://djinni.co/jobs/602887-senior-full-stack-engineer-react-vue-python-/
Odoo Developer (Middle/Senior),"Python,PostgreSQL,SQL,Git,Docker,Bootstrap,HTML,CSS",https://djinni.co/jobs/359059-odoo-developer-middle-senior-/
"Python Developer with GCP, Cloud Service Business Solutions","Python,Flask,SQL,Git,Docker,NoSQL",https://djinni.co/jobs/610252-python-developer-with-gcp-cloud-service-busin/
Senior Python/Django Engineer,"Python,Django,MySQL,SQL,AWS,Docker,Kubernetes,React",https://djinni.co/jobs/538539-senior-python-django-engineer/
Python Lead,"Python,SQL,AWS,NoSQL",https://djinni.co/jobs/609962-python-lead/
Middle Python Developer,"Python,Django,Flask,SQL,Docker,Kubernetes,Linux,Angular,React,Vue,NoSQL",https://djinni.co/jobs/550647-middle-python-developer/
Junior Strong Python Engineer,"Python,Django,Flask,FastApi,SQL,Docker,NoSQL",https://djinni.co/jobs/609611-junior-strong-python-engineer/
Python Engineer (Вчасно Каса),"Python,Redis,PostgreSQL,SQL,Docker,React",https://djinni.co/jobs/609616-python-engineer-vchasno-kasa-/
"Middle Python/Django developer, full stack as a plus (front preferable vue.js)","Python,Django,Docker,Django Rest Framework,Vue",https://djinni.co/jobs/609621-middle-python-django-developer-full-stack-as-/
Senior Backend Engineer,"Python,Django,Redis,PostgreSQL,SQL,Git,AWS,Docker,Kafka",https://djinni.co/jobs/562734-senior-backend-engineer/
Python developer,"Python,Django,MySQL,Redis,PostgreSQL,SQL,Celery,AWS,Docker,SQLAlchemy,React",https://djinni.co/jobs/609780-python-developer/
Python developer / strong junior,"Python,Django,SQL,AWS,NoSQL",https://djinni.co/jobs/559927-python-developer-strong-junior/
Python Tech Lead,"Python,SQL,OOP,Kafka,NoSQL",https://djinni.co/jobs/92848-python-tech-lead/
Backend Developer (Python) for company that makes a solution for banks and insurances,"Python,Mongo,SQL,Git,AWS,Docker,OOP,Kubernetes,React",https://djinni.co/jobs/609713-backend-developer-python-for-company-that-mak/
Middle Python Developer (with Next.js exp),Python,https://djinni.co/jobs/609665-middle-python-developer-with-next-js-exp-/
Python (Django) Team Lead,"Python,Django,DRF,SQL,Celery,AWS,Docker,Kubernetes,NoSQL",https://djinni.co/jobs/592479-python-django-team-lead/
Python (Django) Engineer,"Python,Django,DRF,PostgreSQL,SQL,Git,React",https://djinni.co/jobs/609820-python-django-engineer/
Middle Python Developer,"Python,AWS,OOP",https://djinni.co/jobs/609822-middle-python-developer/
Lead Tools Programmer,"Python,Git,OOP",https://djinni.co/jobs/588286-lead-tools-programmer/
Python Developer,"Python,Django,MySQL,PostgreSQL,Flask,FastApi,SQL,Git,JavaScript,HTML,CSS,React",https://djinni.co/jobs/609551-python-developer/
Odoo and Python back Developer,"Python,JavaScript,HTML,CSS",https://djinni.co/jobs/597635-odoo-and-python-back-developer/
Middle/Senior Python developer,"Python,JavaScript",https://djinni.co/jobs/600580-middle-senior-python-developer/
Strong Junior Python Developer,"Python,Django,Flask,SQL,HTML,CSS,Linux,Angular,React,Vue",https://djinni.co/jobs/474150-strong-junior-python-developer/
"Strong Middle/ Senior Full Stack Developer (Python, React Native)","Python,PostgreSQL,FastApi,SQL,Celery,AWS,Docker,SQLAlchemy,React",https://djinni.co/jobs/609288-strong-middle-senior-full-stack-developer-pyt/
"Python Developer - NLP and AI Automation Solutions (LLM, RAG, NLP, LLaMA, ChatGPT Agents, Auto-GPT, LangChain)","Python,Mongo,FastApi,AWS",https://djinni.co/jobs/600233-python-developer-nlp-and-ai-automation-soluti/
Python Developer,"Python,Flask,SQL,AWS,HTML,Selenium,Linux,NoSQL",https://djinni.co/jobs/86357-python-developer/
Senior Backend Engineer (Python),"Python,Django,DRF,Redis,PostgreSQL,FastApi,SQL,Git,REST Api,Celery,Docker,Kafka,Kubernetes,React",https://djinni.co/jobs/541091-senior-backend-engineer-python-/
Middle Python Software Engineer (CMS Team),"Python,Mongo,Redis,PostgreSQL,SQL,Git,JavaScript,Kafka,Kubernetes,React",https://djinni.co/jobs/609539-middle-python-software-engineer-cms-team-/
Senior QA Manual/Automation (Python),"Python,SQL,AWS,OOP,Linux",https://djinni.co/jobs/609160-senior-qa-manual-automation-python-/
Middle/Senior Full-Stack Developer (Django+React),"Python,Django,MySQL,PostgreSQL,SQL,Celery,Bootstrap,JavaScript,HTML,CSS,React",https://djinni.co/jobs/609155-middle-senior-full-stack-developer-django-rea/
Staff Software Engineer/Tech lead,"Python,MySQL,Redis,SQL,AWS,Kubernetes,NoSQL",https://djinni.co/jobs/609164-staff-software-engineer-tech-lead/
Junior Strong Python Engineer,"Python,Django,Flask,FastApi,SQL,Docker,NoSQL",https://djinni.co/jobs/609534-junior-strong-python-engineer/
Middle Full Stack (Django/React) Developer,"Python,React",https://djinni.co/jobs/609548-middle-full-stack-django-react-developer/
Senior Software Engineer (Python),"Python,Django,Flask,Git,Celery,AWS,Docker,Django Rest Framework,React",https://djinni.co/jobs/598331-senior-software-engineer-python-/
Middle Python Developer,"Python,Django,PostgreSQL,Flask,SQL,AWS,Docker,SQLAlchemy",https://djinni.co/jobs/608667-middle-python-developer/
Продуктова компанія перебуває у пошуку Python Engineer,Python,https://djinni.co/jobs/609056-produktova-kompaniia-perebuvaie-u-poshuku-pyt/
Senior Python Developer,"Python,Django,Flask,SQL,Git,AWS,Docker,SQLAlchemy,Kubernetes,React",https://djinni.co/jobs/609149-senior-python-developer/
Junior/Middle Python Engineer,"Python,OOP",https://djinni.co/jobs/608666-junior-middle-python-engineer/
QA Manual/Automation Engineer (with Python),"Python,SQL,AWS,OOP,Linux",https://djinni.co/jobs/609142-qa-manual-automation-engineer-with-python-/
Full-Stack Engineer (Python + React),"Python,AWS",https://djinni.co/jobs/608743-full-stack-engineer-python-react-/
Cyber Security QA with Python,"Python,Redis,REST Api,Kubernetes",https://djinni.co/jobs/609030-cyber-security-qa-with-python/
Networking Engineer,"Python,Flask,Git,Linux",https://djinni.co/jobs/608795-networking-engineer/
Python Engineer (AI),"Python,MySQL,PostgreSQL,SQL",https://djinni.co/jobs/608764-python-engineer-ai-/
Scraping Engineer,"Python,SQL,AWS,Linux,NoSQL",https://djinni.co/jobs/608841-scraping-engineer/
Senior Data Scientist (Python),"Python,AWS",https://djinni.co/jobs/608892-senior-data-scientist-python-/
Senior Full Stack Python Developer,"Python,Django,Git,AWS,React,Vue",https://djinni.co/jobs/608993-senior-full-stack-python-developer/
Senior Python Backend Developer,"Python,AWS,Docker,Kubernetes",https://djinni.co/jobs/290221-senior-python-backend-developer/
Python Developer,"Python,HTML",https://djinni.co/jobs/608822-python-developer/
Senior Python Developer,"Python,MySQL,Mongo,PostgreSQL,SQL,Git,Docker,OOP",https://djinni.co/jobs/569009-senior-python-developer/
Python Developer (Scraping),"Python,Flask,SQL,AWS,Selenium,Linux,NoSQL",https://djinni.co/jobs/600976-python-developer-scraping-/
Python Backend Developer,"Python,Django,Redis,PostgreSQL,Flask,FastApi,SQL,Git,Celery,AWS,Docker,Jira,OOP,Kafka",https://djinni.co/jobs/608435-python-backend-developer/
Data Engineer (машинне навчання),"Python,MySQL,PostgreSQL,SQL,Git,Docker,Kubernetes",https://djinni.co/jobs/536651-data-engineer-mashinne-navchannia-/
Middle Backend Developer,"Django,PostgreSQL,FastApi,SQL,Jira",https://djinni.co/jobs/608431-middle-backend-developer/
Middle Python Developer,"Python,Django,Flask,FastApi,Git,REST Api,OOP",https://djinni.co/jobs/608483-middle-python-developer/
Lead Python Engineer,"Python,AWS",https://djinni.co/jobs/608514-lead-python-engineer/
Python (Django) Developer,"Python,Django,Git,AWS",https://djinni.co/jobs/600288-python-django-developer/
Python Developer (Senior OR Lead),"Python,Django,Flask",https://djinni.co/jobs/608603-python-developer-senior-or-lead-/
Senior Python Developer,"Python,Django,MySQL,PostgreSQL,FastApi,SQL,Git,AWS,Docker,SQLAlchemy",https://djinni.co/jobs/608265-senior-python-developer/
Senior Python Developer Competency Lead,"Python,Django,DRF,Mongo,Redis,PostgreSQL,SQL,REST Api,AWS,Docker,OOP,Kubernetes,Linux,NoSQL",https://djinni.co/jobs/608246-senior-python-developer-competency-lead/
Junior/Middle Python Engineer,"Python,OOP",https://djinni.co/jobs/608228-junior-middle-python-engineer/
Sr Python Engineer,"Python,PostgreSQL,SQL,Docker",https://djinni.co/jobs/479193-sr-python-engineer/
Senior Python Developer (short-term project),"Python,Mongo,FastApi,REST Api,Jira,OOP",https://djinni.co/jobs/600573-senior-python-developer-short-term-project-/
Python (Django) developer,"Python,Django,MySQL,Mongo,Redis,PostgreSQL,Flask,SQL,Git,Docker,Selenium,NoSQL",https://djinni.co/jobs/608521-python-django-developer/
Backend (Python) Software Developer for  Swedish Product in Event Domain,"Python,Mongo,Redis,FastApi,Git,JavaScript,Kubernetes",https://djinni.co/jobs/607723-backend-python-software-developer-for-swedish/
Middle Python Developer,"Python,Docker",https://djinni.co/jobs/588728-middle-python-developer/
Full Stack Python Developer,"Python,Django,MySQL,Mongo,PostgreSQL,SQL,Git,AWS,Docker,Linux,Angular,React",https://djinni.co/jobs/592719-full-stack-python-developer/
Backend developer,"Python,PostgreSQL,SQL,Docker,OOP,NoSQL",https://djinni.co/jobs/582017-backend-developer/
Middle Python Developer,"Python,PostgreSQL,SQL,JavaScript,Linux",https://djinni.co/jobs/586564-middle-python-developer/
Backend developer (Python),"Python,FastApi,Git,Celery,AWS,OOP",https://djinni.co/jobs/608001-backend-developer-python-/
FullStack Developer (Python + React or Angular),"Python,PostgreSQL,SQL,JavaScript,HTML,CSS,Angular,React",https://djinni.co/jobs/581566-fullstack-developer-python-react-or-angular-/
Middle Python Developer,"Python,PostgreSQL,Flask,SQL,Celery,AWS,HTML,SQLAlchemy,Linux",https://djinni.co/jobs/463004-middle-python-developer/
Lead Python Engineer,"Python,SQL,OOP,Kafka,NoSQL",https://djinni.co/jobs/600414-lead-python-engineer/
PySpark Engineer,"Python,SQL,AWS,OOP,Kafka",https://djinni.co/jobs/608130-pyspark-engineer/
AQA Python,"Python,SQL,Git,AWS,Docker,HTML",https://djinni.co/jobs/608051-aqa-python/
Developer (f/m/d) with Python knowledge and interest in machine learning,"Python,Git",https://djinni.co/jobs/608102-developer-f-m-d-with-python-knowledge-and-int/
Developer (f/m/d) with Python knowledge and interest in machine learning,"Python,Git",https://djinni.co/jobs/608116-developer-f-m-d-with-python-knowledge-and-int/
Computer Vision engineer,"Python,Git,Docker,Linux",https://djinni.co/jobs/308071-computer-vision-engineer/
Senior Python Engineer with Scraping,"Python,MySQL,Redis,SQL,Git,Celery,AWS,Docker,Selenium,SQLAlchemy",https://djinni.co/jobs/608156-senior-python-engineer-with-scraping/
QA Manual/Automation Engineer (with Python),"Python,SQL,AWS,OOP,Linux",https://djinni.co/jobs/607679-qa-manual-automation-engineer-with-python-/
Tech Lead Data Engineer (Python),"Python,Django,SQL,Docker,JavaScript,Linux",https://djinni.co/jobs/607545-tech-lead-data-engineer-python-/
Python Engineer with Data experience,"Python,SQL,Docker,OOP",https://djinni.co/jobs/607570-python-engineer-with-data-experience/
Python developer,"Python,PostgreSQL,FastApi,SQL,Docker,HTML,CSS,Vue",https://djinni.co/jobs/607553-python-developer/
Python ML/AI,"Python,SQL,Git,AWS,Docker,NoSQL",https://djinni.co/jobs/607144-python-ml-ai/
Python Engineer (Вчасно КЕП),"Python,Redis,PostgreSQL,Flask,SQL,Git,AWS,Docker,Kafka,Kubernetes,React",https://djinni.co/jobs/607540-python-engineer-vchasno-kep-/
Senior (AI ML) Developer,"Python,JavaScript,React",https://djinni.co/jobs/607706-senior-ai-ml-developer/
Full-Stack Developer (Go/Python),"Git,REST Api,AWS,Docker,JavaScript,CSS,Vue",https://djinni.co/jobs/607524-full-stack-developer-go-python-/
Middle Python Engineer in UAV Product,"Python,SQL,NoSQL",https://djinni.co/jobs/607415-middle-python-engineer-in-uav-product/
Python Developer / Data Engineer,"Python,Flask,SQL,Git,REST Api,Docker,SQLAlchemy,Kubernetes",https://djinni.co/jobs/488727-python-developer-data-engineer/
Python Developer (Strong Middle/Senior),"Python,Django,Redis,PostgreSQL,FastApi,SQL,Git,Docker,Kafka,Linux,NoSQL",https://djinni.co/jobs/607246-python-developer-strong-middle-senior-/
Python/Django Engineer,"Python,Django,React",https://djinni.co/jobs/556932-python-django-engineer/
Senior Python Software Engineer with Data Science experience (in Europe),Python,https://djinni.co/jobs/607480-senior-python-software-engineer-with-data-sci/
Python Developer,"Python,Django,Flask,SQL,AWS,Docker,OOP,Kubernetes,NoSQL",https://djinni.co/jobs/593926-python-developer/
Data Mining Engineer needed for data centric startup,"Python,Git,Docker,Selenium,Kubernetes",https://djinni.co/jobs/256433-data-mining-engineer-needed-for-data-centric-/
Senior Python develoepr,"Python,Django,DRF,Mongo,SQL,Celery,AWS,Docker,SQLAlchemy,Vue",https://djinni.co/jobs/606727-senior-python-develoepr/
Python (Django) Engineer,"Python,Django,FastApi,AWS",https://djinni.co/jobs/607138-python-django-engineer/
Python Developer,"Python,SQL,OOP,Linux,NoSQL",https://djinni.co/jobs/606620-python-developer/
Senior  Backend developer Python (with Rust Experience),"Python,Redis,FastApi,Kafka",https://djinni.co/jobs/606761-senior-backend-developer-python-with-rust-exp/
Lead Tools Programmer,"Python,Git,OOP",https://djinni.co/jobs/606691-lead-tools-programmer/
Middle+ ML (Python developer) for a Swedish company,"Python,SQL,Git,React",https://djinni.co/jobs/606682-middle-ml-python-developer-for-a-swedish-comp/
Middle Python Developer,"Python,Django,PostgreSQL,SQL,Celery,AWS,Docker,Django Rest Framework",https://djinni.co/jobs/606776-middle-python-developer/
"Full-stack engineer (React, Python, Django)","Python,Django,SQL,Git,AWS,Docker,OOP,Kubernetes,React,NoSQL",https://djinni.co/jobs/606744-full-stack-engineer-react-python-django-/
Backend Developer (Python),"Python,DRF,PostgreSQL,SQL,Git,Celery,Docker,OOP,Angular",https://djinni.co/jobs/607033-backend-developer-python-/
Python Engineer,"Python,Django,Mongo,SQL,Celery,AWS,Docker,Kubernetes",https://djinni.co/jobs/607084-python-engineer/
AI/ML Python Software Engineer (Vision),"Python,PostgreSQL,SQL,Git,AWS",https://djinni.co/jobs/607086-ai-ml-python-software-engineer-vision-/
Senior Full-stack (Python+React) developer,"Python,Django,JavaScript,React",https://djinni.co/jobs/606934-senior-full-stack-python-react-developer/
Team Lead Python Developer,"Python,SQL",https://djinni.co/jobs/599685-team-lead-python-developer/
QA engineer,Python,https://djinni.co/jobs/606877-qa-engineer/
Python Developer (Strong Junior),"Python,Django,MySQL,PostgreSQL,Flask,FastApi,SQL,Docker,HTML,CSS,Linux",https://djinni.co/jobs/606848-python-developer-strong-junior-/
Python Backend Engineer (Outstaff project),"Python,Django,MySQL,Redis,FastApi,SQL,Bootstrap,JavaScript,HTML,OOP",https://djinni.co/jobs/606492-python-backend-engineer-outstaff-project-/
Senior/Lead Python Software Engineer,"Python,Django,DRF,PostgreSQL,SQL,Git,Docker,Bootstrap,HTML,Kubernetes,Vue",https://djinni.co/jobs/606225-senior-lead-python-software-engineer/
"Senior DevOps Engineer 3+ years (Python, cloud) Israel working schedule","Python,Redis,SQL,Docker,OOP,Kafka,Kubernetes,NoSQL",https://djinni.co/jobs/606376-senior-devops-engineer-3-years-python-cloud-i/
Middle to Senior Python Engineer,"Python,Django,MySQL,Mongo,PostgreSQL,Flask,FastApi,SQL,AWS,JavaScript,HTML,CSS",https://djinni.co/jobs/598977-middle-to-senior-python-engineer/
Senior Python Engineer (Integrations),"Python,Django,FastApi,SQL,Docker,NoSQL",https://djinni.co/jobs/606509-senior-python-engineer-integrations-/
Продуктова компанія в пошуку Python Engineer для створення продукту з нуля,Python,https://djinni.co/jobs/606391-produktova-kompaniia-v-poshuku-python-enginee/
Sr Solutions Engineer (integrations),"Python,FastApi,SQL,JavaScript,HTML,CSS,Kubernetes,Vue",https://djinni.co/jobs/606488-sr-solutions-engineer-integrations-/
Продуктова компанія знаходиться в пошуку Python Engineer для створення продукту з нуля,Python,https://djinni.co/jobs/606399-produktova-kompaniia-znakhodit-sia-v-poshuku-/
Python Developer,"Python,MySQL,PostgreSQL,SQL,Git,Docker,JavaScript,Linux",https://djinni.co/jobs/505763-python-developer/
Middle Python Developer,"Python,Django,Redis,SQL,Celery,AWS,Docker",https://djinni.co/jobs/606597-middle-python-developer/
Backend Python Engineer,"Python,Django,Mongo,SQL,Celery,AWS,Docker,Kubernetes",https://djinni.co/jobs/606606-backend-python-engineer/
Middle Python Engineer (BI),"Python,PostgreSQL,Flask,FastApi,SQL,Git,SQLAlchemy,Pydantic",https://djinni.co/jobs/606516-middle-python-engineer-bi-/
Python Tech Lead,"Python,SQL,OOP,Kafka,NoSQL",https://djinni.co/jobs/373408-python-tech-lead/
Large Language Model (LLM) Engineer,Python,https://djinni.co/jobs/598951-large-language-model-llm-engineer/
Senior/Lead Django Developer(project work),"Python,Django,DRF,SQL",https://djinni.co/jobs/599180-senior-lead-django-developer-project-work-/
Software Engineer (Python),"Python,AWS,Docker,Kubernetes",https://djinni.co/jobs/522339-software-engineer-python-/
Python Developer / Web Scraping /  Scrapy,"Python,Django,SQL,Docker",https://djinni.co/jobs/606194-python-developer-web-scraping-scrapy/
Full-Stack (Python + React) Developer,"Python,React",https://djinni.co/jobs/606041-full-stack-python-react-developer/
Junior+/Middle Python Developer,"Python,Django,PostgreSQL,SQL,Celery,AWS,Docker,Django Rest Framework",https://djinni.co/jobs/606167-junior-middle-python-developer/
Middle Python Engineer для проєкту з нуля для трейдингу в криптобіржах,Python,https://djinni.co/jobs/606262-middle-python-engineer-dlia-proiektu-z-nulia-/
Senior Python Engineer для проєкту з нуля для трейдингу в криптобіржах,Python,https://djinni.co/jobs/606263-senior-python-engineer-dlia-proiektu-z-nulia-/
DevOps engineer (with Python),"Python,Git,AWS,Docker,Kubernetes",https://djinni.co/jobs/606369-devops-engineer-with-python-/
Python/React Engineer,"Python,PostgreSQL,SQL,AWS,React",https://djinni.co/jobs/605740-python-react-engineer/
Middle Python Developer,"Python,Django,Git,Celery,AWS",https://djinni.co/jobs/575048-middle-python-developer/
Senior Python Developer (ADTECH),"Python,SQL,AWS,JavaScript,React",https://djinni.co/jobs/606312-senior-python-developer-adtech-/
Senior Full-Stack Developer,"Python,SQL,AWS,CSS,React",https://djinni.co/jobs/558191-senior-full-stack-developer/
DevOps Engineer with Python,"Python,Git,AWS,Docker,OOP,Kubernetes",https://djinni.co/jobs/605924-devops-engineer-with-python/
Strong Junior/Middle Python Developer,"Python,Django,Flask,JavaScript,HTML,CSS",https://djinni.co/jobs/605878-strong-junior-middle-python-developer/
Python Developer for EdTech company,Python,https://djinni.co/jobs/605890-python-developer-for-edtech-company/
Senior Python Developer (AdTech),"Python,SQL,AWS,JavaScript,React",https://djinni.co/jobs/605786-senior-python-developer-adtech-/
Midle+ Python Engineer,"Python,Django,Redis,PostgreSQL,FastApi,SQL,Git,Celery,AWS,Docker,Kubernetes,React",https://djinni.co/jobs/605605-midle-python-engineer/
DevOps engineer (with Python),"Python,Git,AWS,Docker,OOP,Kubernetes,Linux",https://djinni.co/jobs/605717-devops-engineer-with-python-/
Middle/Senior Python/Spark developer for global product (audit and assurance company BIG FOUR),"Python,MySQL,Mongo,PostgreSQL,Flask,SQL,Git,REST Api,Docker,Kubernetes,Linux,NoSQL",https://djinni.co/jobs/605521-middle-senior-python-spark-developer-for-glob/
"Python Developers (Permanent/ requires relocation to Dubai, UAE)",Python,https://djinni.co/jobs/556815-python-developers-permanent-requires-relocati/
Python ETL AI Developer,"Python,Django,PostgreSQL,SQL,Celery,AWS,Docker,Django Rest Framework",https://djinni.co/jobs/605553-python-etl-ai-developer/
Python Full-Stack Developer,"Python,SQL,AWS,React",https://djinni.co/jobs/605513-python-full-stack-developer/
Full-Stack Developer (Python/React),"Python,Git,AWS,JavaScript,HTML,CSS,OOP,React",https://djinni.co/jobs/483770-full-stack-developer-python-react-/
Software Engineer (Python + ERP Next) for an E-commerce project,Python,https://djinni.co/jobs/605696-software-engineer-python-erp-next-for-an-e-co/
Full Stack Python/React Developer,"Python,Django,React",https://djinni.co/jobs/605356-full-stack-python-react-developer/
Reef Technologies Senior Python Backend Engineer,"Python,Git",https://djinni.co/jobs/605658-reef-technologies-senior-python-backend-engin/
Python Developer,"Python,Django,FastApi,SQL,Git,REST Api,Linux,NoSQL",https://djinni.co/jobs/605612-python-developer/
Backend Python Engineer,"Python,Django,Mongo,SQL,Celery,AWS,Docker,Kubernetes",https://djinni.co/jobs/605125-backend-python-engineer/
Middle Python Developer (Automation Team),"Python,Django,MySQL,PostgreSQL,Flask,SQL,Git,AWS,Docker,OOP,Linux,NoSQL",https://djinni.co/jobs/578637-middle-python-developer-automation-team-/
Middle Python Developer,"Python,Mongo,Redis,PostgreSQL,SQL,Docker,Kafka,Kubernetes",https://djinni.co/jobs/545042-middle-python-developer/
Senior Python Developer,"Python,Django,Mongo,PostgreSQL,Flask,FastApi,SQL,Git,AWS,Docker,OOP,NoSQL",https://djinni.co/jobs/597819-senior-python-developer/
Python developer,"Python,Django,Mongo,Redis,Flask,FastApi,SQL,Git,REST Api,Docker,OOP,Linux",https://djinni.co/jobs/597076-python-developer/
Full-Stack Developer (Python/React),"Python,Git,AWS,JavaScript,HTML,CSS,OOP,React",https://djinni.co/jobs/604801-full-stack-developer-python-react-/
"Senior FS developer (Python, Django, TS)","Python,Django,AWS,React",https://djinni.co/jobs/604715-senior-fs-developer-python-django-ts-/
Full-Stack Developer (Python/React),"Python,Git,AWS,JavaScript,HTML,CSS,OOP,React",https://djinni.co/jobs/558714-full-stack-developer-python-react-/
FS Python + React (80/20),"Python,SQL,AWS,Docker,Kubernetes,React,NoSQL",https://djinni.co/jobs/605085-fs-python-react-80-20-/
Senior Python developer,"Python,MySQL,Mongo,Redis,PostgreSQL,Flask,FastApi,SQL,Git,Celery,AWS,Docker,SQLAlchemy",https://djinni.co/jobs/604669-senior-python-developer/
Python Engineer,"Python,Django,DRF,Mongo,SQL,Celery,AWS,Docker,SQLAlchemy,Vue",https://djinni.co/jobs/604822-python-engineer/
Python (Django) Developer,"Python,Django",https://djinni.co/jobs/574756-python-django-developer/
Full Stack Engineer for Eat Club,"Python,Django,PostgreSQL,SQL,AWS,Angular,React",https://djinni.co/jobs/604874-full-stack-engineer-for-eat-club/
Senior Python Developer,"Python,FastApi,Git,AWS,Jira",https://djinni.co/jobs/519556-senior-python-developer/
Senior Full Stack Developer - US Web Dev Agency,"Python,Django,MySQL,Mongo,PostgreSQL,SQL,Git,AWS,JavaScript,HTML,CSS,React",https://djinni.co/jobs/604686-senior-full-stack-developer-us-web-dev-agency/
Middle Data Engineer,"Python,SQL,OOP",https://djinni.co/jobs/604789-middle-data-engineer/
Python Engineer,"Python,Django,Mongo,SQL,Celery,AWS,Docker,Kubernetes",https://djinni.co/jobs/605046-python-engineer/
ML Engineer,"Python,AWS",https://djinni.co/jobs/540639-ml-engineer/
Back-End Python Engineer,"Python,Django,Mongo,SQL,Celery,AWS,Docker,Kubernetes",https://djinni.co/jobs/605048-back-end-python-engineer/
Senior Python Backend Engineer (non-web development),"Python,AWS,Docker,Kubernetes",https://djinni.co/jobs/588250-senior-python-backend-engineer-non-web-develo/
Middle+ Python Developer,"Python,Django,PostgreSQL,SQL,Celery,AWS,Docker,Django Rest Framework",https://djinni.co/jobs/549926-middle-python-developer/
"Senior FullStack Developer (Python + JavaScript), Financial Software Tools","Python,PostgreSQL,SQL,JavaScript,HTML,CSS,Angular,React",https://djinni.co/jobs/604616-senior-fullstack-developer-python-javascript-/
Full Stack React (20%) + Python (80%),"Python,SQL,AWS,Docker,Kubernetes,React,NoSQL",https://djinni.co/jobs/604601-full-stack-react-20-python-80-/
Python developer,"Python,Django,MySQL,PostgreSQL,Flask,SQL,OOP",https://djinni.co/jobs/585978-python-developer/
Senior Full-Stack Engineer (Vue or React + Python),"Python,Django,Flask,SQL,Git,Celery,Docker,React,Vue,NoSQL",https://djinni.co/jobs/596795-senior-full-stack-engineer-vue-or-react-pytho/
Senior Full-Stack Developer Developer (Python + VueJs),"Python,Django,SQL,Git,Celery,Docker,React,Vue,NoSQL",https://djinni.co/jobs/234802-senior-full-stack-developer-developer-python-/
Tech Lead (Python),"Python,MySQL,Mongo,PostgreSQL,SQL,Docker,Kubernetes",https://djinni.co/jobs/589032-tech-lead-python-/
Junior Python Development,"Python,Django,MySQL,PostgreSQL,Flask,SQL,Git",https://djinni.co/jobs/604667-junior-python-development/
Middle Python Developer,"Python,MySQL,Mongo,Redis,PostgreSQL,Flask,FastApi,SQL,Celery,AWS,Docker,SQLAlchemy",https://djinni.co/jobs/604668-middle-python-developer/
Python Developer for Visual Intelligence Company,"Python,Mongo,SQL,AWS",https://djinni.co/jobs/604188-python-developer-for-visual-intelligence-comp/
Python ai/ml Developer,Python,https://djinni.co/jobs/584753-python-ai-ml-developer/
Python Fullstack Developer,"Python,Flask,FastApi,SQL,Git,Docker,JavaScript,React,Vue",https://djinni.co/jobs/604158-python-fullstack-developer/
Python Voice Application Developer Senior,"Python,Git,Docker,Kubernetes,Linux",https://djinni.co/jobs/596448-python-voice-application-developer-senior/
Senior Python Developer,"Python,Docker",https://djinni.co/jobs/604196-senior-python-developer/
Python developer,"Python,Django,DRF,Flask,FastApi,Git,AWS,Docker,React",https://djinni.co/jobs/603946-python-developer/
Python developer,"Python,Django,PostgreSQL,SQL,Celery,AWS,Docker,Django Rest Framework",https://djinni.co/jobs/603985-python-developer/
Middle Python Developer,"Python,Django,PostgreSQL,Flask,FastApi,SQL,AWS,Docker,NoSQL",https://djinni.co/jobs/604014-middle-python-developer/
Full Stack Python / Django developer,"Python,Django,JavaScript,HTML,CSS,Angular,React,Vue",https://djinni.co/jobs/603857-full-stack-python-django-developer/
Back End / DevOps разработчик с опытом Python / Django и AWS,"Python,Django,AWS,Linux",https://djinni.co/jobs/603852-back-end-devops-razrabotchik-s-opytom-python-/
Senior Full-Stack Developer,"Python,Django,JavaScript,React",https://djinni.co/jobs/604070-senior-full-stack-developer/
Python/C++ Developer,Python,https://djinni.co/jobs/603952-python-c-developer/
Full-stack Python developer,"Python,Django,MySQL,Mongo,PostgreSQL,Flask,SQL,HTML,CSS,NoSQL",https://djinni.co/jobs/603931-full-stack-python-developer/
Middle Python Engineer,Python,https://djinni.co/jobs/604107-middle-python-engineer/
Senior Data Engineer (Fintech),"Python,SQL,Kafka,NoSQL",https://djinni.co/jobs/595312-senior-data-engineer-fintech-/
Senior Python Developer (AI Domain),"Python,Django,Redis,PostgreSQL,SQL,REST Api,Celery,Django Rest Framework",https://djinni.co/jobs/603610-senior-python-developer-ai-domain-/
Backend Developer,"Python,Django,DRF,PostgreSQL,SQL,Git,Celery,Docker,OOP,Angular",https://djinni.co/jobs/603711-backend-developer/
Senior Python Engineer,Python,https://djinni.co/jobs/604108-senior-python-engineer/
Python Developer,"Python,Django,DRF,Mongo,PostgreSQL,SQL,REST Api,Celery,Docker",https://djinni.co/jobs/518389-python-developer/
Senior Delphi + Python Developer,"Python,MySQL,SQL,OOP,NoSQL",https://djinni.co/jobs/603822-senior-delphi-python-developer/
Python (Flask) Developer,"Python,Mongo,Redis,Flask,Docker,OOP",https://djinni.co/jobs/603248-python-flask-developer/
Data Engineer (Python),"Python,Django,SQL,Docker,JavaScript,Linux",https://djinni.co/jobs/603142-data-engineer-python-/
Pyton Developer 4+ years exp,"Python,Django,Redis,FastApi,SQL,REST Api,Celery,AWS,Docker,SQLAlchemy,Linux",https://djinni.co/jobs/603425-pyton-developer-4-years-exp/
Tech Lead (Python),"Python,Mongo,Redis,Flask,FastApi,SQL,Celery,OOP,Kafka,Kubernetes,NoSQL",https://djinni.co/jobs/564601-tech-lead-python-/
Back-end Developer (Python),"Python,MySQL,SQL,Git,AWS,NoSQL",https://djinni.co/jobs/603607-back-end-developer-python-/
Python Developer for US Startup,"Python,Django,PostgreSQL,Flask,SQL,AWS,Django Rest Framework",https://djinni.co/jobs/603113-python-developer-for-us-startup/
Senior Python Developer,"Python,Django,MySQL,PostgreSQL,Flask,FastApi,SQL,REST Api,Celery,AWS,Docker,JavaScript,HTML,CSS,SQLAlchemy,Kubernetes",https://djinni.co/jobs/603442-senior-python-developer/
Senior QA Python Automation Engineer,"Python,Git,Jira,OOP,Linux",https://djinni.co/jobs/603493-senior-qa-python-automation-engineer/
Full-stack (Python+React) Engineer,"Python,Django,Flask,Git,AWS,Docker,Bootstrap,JavaScript,Angular,React",https://djinni.co/jobs/603329-full-stack-python-react-engineer/
Senior Python Developer,"Python,FastApi,AWS",https://djinni.co/jobs/603451-senior-python-developer/
Senior Full Stack Engineer (Python+React/Vue),"Python,Django,Flask,SQL,Git,Celery,Docker,React,Vue,NoSQL",https://djinni.co/jobs/603579-senior-full-stack-engineer-python-react-vue-/
Python Engineer,"Python,Django,React",https://djinni.co/jobs/473617-python-engineer/
Senior Artificial Intelligence Consultant,Python,https://djinni.co/jobs/603458-senior-artificial-intelligence-consultant/
AI / ML Engineer,"Python,AWS,JavaScript,OOP",https://djinni.co/jobs/603545-ai-ml-engineer/
